1,Hew,Pummell,hpummell0@ow.ly,Male,137.82.142.118
2,Teodorico,Tagg,ttagg1@weather.com,Male,9.233.58.133
3,Ramon,Dyzart,rdyzart2@arizona.edu,Male,75.96.81.171
4,Cornelia,Swinden,cswinden3@ucla.edu,Female,176.114.98.159
5,Adan,Boffin,aboffin4@google.com.hk,Female,56.104.28.98
6,Nana,Brum,nbrum5@ucla.edu,Female,33.174.201.17
7,Catherine,Instone,cinstone6@cbc.ca,Female,12.25.179.61
8,Brook,Brewett,bbrewett7@google.co.uk,Female,40.165.67.224
9,Claiborn,Babbs,cbabbs8@ustream.tv,Male,170.158.220.42
10,Brigit,Asquith,basquith9@de.vu,Female,62.33.15.225
11,Doralia,Sussams,dsussamsa@accuweather.com,Female,85.171.73.154
12,Dennison,Koubek,dkoubekb@fastcompany.com,Male,134.18.168.108
13,Venita,Readhead,vreadheadc@hhs.gov,Female,77.231.153.170
14,Krystle,McQuaide,kmcquaided@geocities.jp,Female,98.8.170.24
15,Blanche,Follin,bfolline@dailymail.co.uk,Female,133.67.104.152
16,Jabez,Delyth,jdelythf@infoseek.co.jp,Male,62.191.48.22
17,Scot,Haggard,shaggardg@dot.gov,Male,154.8.177.124
18,Kipper,Mathet,kmatheth@shop-pro.jp,Male,254.240.68.71
19,Adrian,Floris,aflorisi@reuters.com,Male,158.68.13.231
20,Cecil,Leete,cleetej@myspace.com,Male,47.203.103.228
21,Emmalyn,Kears,ekearsk@1688.com,Female,143.248.231.86
22,Kerianne,Boydon,kboydonl@utexas.edu,Female,229.45.56.242
23,Mannie,Giovannacc@i,mgiovannaccim@mashable.com,Male,100.231.102.197
24,Augie,Headon,aheadonn@networksolutions.com,Male,58.78.8.191
25,Clyve,Pindar,cpindaro@people.com.cn,Male,45.162.12.242
26,Walker,Emsden,wemsdenp@list-manage.com,Male,89.247.44.63
27,Chick,Crampsy,ccrampsyq@storify.com,Male,31.184.211.43
28,Stillmann,Suttaby,ssuttabyr@shop-pro.jp,Male,129.165.125.228
29,Guthrey,Labell,glabells@desdev.cn,Male,27.244.46.237
30,Clementina,Baldcock,cbaldcockt@kickstarter.com,Female,12.187.129.51
31,Kit,Arthan,karthanu@cbslocal.com,Male,39.34.174.184
32,Rhett,Rodrig,rrodrigv@dailymail.co.uk,Male,170.114.67.117
33,Angelina,Coaten,acoatenw@naver.com,Female,243.230.205.17
34,Tiffany,Dyne,tdynex@woothemes.com,Female,99.90.94.114
35,Dennet,Ashworth,dashworthy@ucsd.edu,Male,38.213.72.73
36,Shane,Comrie,scomriez@t.co,Male,206.52.214.155
37,Perkin,Brisker,pbrisker10@xrea.com,Male,66.94.208.142
38,Rorie,Souness,rsouness11@lulu.com,Female,187.200.41.153
39,Elwyn,Savage,esavage12@tripadvisor.com,Male,230.153.105.64
40,Ingunna,Gunney,igunney13@examiner.com,Female,4.43.236.206
41,Lothaire,Burchfield,lburchfield14@newsvine.com,Male,76.114.13.218
42,Yorgos,Trippick,ytrippick15@chron.com,Male,228.116.37.11
43,Justin,Kippins,jkippins16@stumbleupon.com,Male,139.13.169.204
44,Jandy,Buxcy,jbuxcy17@oakley.com,Female,202.218.253.211
45,Jenna,Caspell,jcaspell18@vimeo.com,Female,28.217.19.197
46,Lolita,Ord,lord19@indiegogo.com,Female,32.91.169.70
47,Preston,Kirton,pkirton1a@un.org,Male,60.228.247.223
48,Christalle,Hursey,chursey1b@etsy.com,Female,50.33.220.239
49,Teena,Terrington,tterrington1c@google.fr,Female,245.190.23.109
50,Sayre,Cammack,scammack1d@psu.edu,Male,214.212.201.159
51,Tamra,Klaussen,tklaussen1e@goo.gl,Female,50.190.86.230
52,Raffarty,Dearnley,rdearnley1f@fc2.com,Male,22.234.46.20
53,Gage,Bulter,gbulter1g@booking.com,Male,117.2.11.249
54,Symon,Schachter,sschachter1h@ebay.com,Male,165.69.43.213
55,Chen,Spalton,cspalton1i@nytimes.com,Male,81.5.190.117
56,Clint,Lockwood,clockwood1j@youku.com,Male,233.222.201.164
57,Ruthann,Capstick,rcapstick1k@eventbrite.com,Female,190.57.100.82
58,Zacharia,Vant,zvant1l@wikipedia.org,Male,133.159.63.15
59,Tyrus,Corr,tcorr1m@xing.com,Male,193.115.230.212
60,Aldis,Ealles,aealles1n@typepad.com,Male,28.84.195.129
61,Nicoline,Levings,nlevings1o@gmpg.org,Female,20.160.55.31
62,Audry,Surman-Wells,asurmanwells1p@gnu.org,Female,191.157.54.226
63,Gilemette,Ros,gros1q@telegraph.co.uk,Female,225.172.227.23
64,Leia,Lope,llope1r@amazon.co.uk,Female,118.0.73.94
65,Basia,Morton,bmorton1s@symantec.com,Female,155.29.82.201
66,Vasily,Rabjohns,vrabjohns1t@blogger.com,Male,139.110.150.254
67,Morse,Claybourne,mclaybourne1u@php.net,Male,79.96.202.186
68,Burl,Wescott,bwescott1v@nhs.uk,Male,220.117.210.116
69,Anita,LaCroce,alacroce1w@zimbio.com,Female,60.76.97.79
70,Ferguson,Allso,fallso1x@disqus.com,Male,131.141.92.42
71,Davita,Langland,dlangland1y@t.co,Female,155.157.86.91
72,Paige,Heskin,pheskin1z@cnbc.com,Female,66.100.179.132
73,Giffer,Ajam,gajam20@google.co.uk,Male,41.20.5.67
74,Burt,McKimm,bmckimm21@who.int,Male,112.114.78.193
75,Bennie,Rochester,brochester22@smh.com.au,Female,141.7.243.233
76,Agosto,Melvin,amelvin23@nydailynews.com,Male,53.96.209.39
77,Orsa,Hanmer,ohanmer24@sciencedaily.com,Female,128.116.163.112
78,Gery,Hospital,ghospital25@wsj.com,Male,234.65.148.183
79,Pierrette,Acory,pacory26@flavors.me,Female,71.243.214.168
80,Orin,Mealing,omealing27@opera.com,Male,130.201.184.32
81,Hurleigh,Boncoeur,hboncoeur28@studiopress.com,Male,131.61.19.188
82,Marianna,Pollins,mpollins29@paginegialle.it,Female,109.49.255.238
83,Sheridan,Cosens,scosens2a@livejournal.com,Male,234.150.50.224
84,Cazzie,Bartlomieczak,cbartlomieczak2b@washington.edu,Male,227.244.133.212
85,Granville,Scurrey,gscurrey2c@myspace.com,Male,43.186.109.123
86,Gauthier,Tesmond,gtesmond2d@reference.com,Male,158.138.196.251
87,Lazarus,Lowater,llowater2e@technorati.com,Male,80.111.187.63
88,Hobart,Bramwell,hbramwell2f@cloudflare.com,Male,154.75.207.147
89,Esma,Rustman,erustman2g@photobucket.com,Female,28.42.32.192
90,Garek,DeRoberto,gderoberto2h@businessweek.com,Male,164.45.174.77
91,Gram,Joiner,gjoiner2i@amazonaws.com,Male,93.224.177.239
92,Joelie,MacCarrane,jmaccarrane2j@opensource.org,Female,21.66.246.160
93,Augy,Pull,apull2k@chicagotribune.com,Male,175.168.156.248
94,Xaviera,Crooks,xcrooks2l@printfriendly.com,Female,137.242.196.206
95,Locke,Mitchard,lmitchard2m@mozilla.com,Male,100.9.194.193
96,Marcelle,Zannolli,mzannolli2n@phpbb.com,Female,251.103.157.197
97,Kerwinn,Ciric,kciric2o@github.io,Male,125.64.244.244
98,Kele,Jurges,kjurges2p@apache.org,Male,168.94.123.77
99,Bernice,Dancey,bdancey2q@europa.eu,Female,11.1.140.202
100,Ellsworth,Castelletti,ecastelletti2r@vkontakte.ru,Male,152.229.168.117
101,Natassia,Dubber,ndubber2s@wikia.com,Female,255.104.104.67
102,Norby,Jambrozek,njambrozek2t@sina.com.cn,Male,196.73.238.18
103,Delinda,Ambrozewicz,dambrozewicz2u@people.com.cn,Female,85.248.69.34
104,Goddart,Macak,gmacak2v@tiny.cc,Male,16.186.39.232
105,Falito,Matlock,fmatlock2w@pcworld.com,Male,114.103.45.191
106,Patton,Luney,pluney2x@tripod.com,Male,180.29.162.24
107,Durant,Charteris,dcharteris2y@alibaba.com,Male,73.196.63.51
108,Thibaut,Latour,tlatour2z@pagesperso-orange.fr,Male,191.106.64.190
109,Phillipp,Cochrane,pcochrane30@reuters.com,Male,4.130.152.94
110,Jacqui,Seath,jseath31@dedecms.com,Female,237.73.153.75
111,Herc,Schofield,hschofield32@cisco.com,Male,142.59.86.35
112,Vito,Toffler,vtoffler33@amazon.de,Male,164.153.246.195
113,Fraze,Pavett,fpavett34@yolasite.com,Male,43.78.56.217
114,Gabriel,Bessant,gbessant35@taobao.com,Female,160.112.161.220
115,Maurice,Middler,mmiddler36@dion.ne.jp,Male,69.83.133.230
116,Adina,Kleisel,akleisel37@bizjournals.com,Female,201.200.21.5
117,Ralina,Erswell,rerswell38@cpanel.net,Female,22.10.185.169
118,Rhona,Murrey,rmurrey39@yale.edu,Female,99.168.86.35
119,Austine,Cardenoza,acardenoza3a@reference.com,Female,249.29.59.224
120,Lydon,Stollsteimer,lstollsteimer3b@mashable.com,Male,92.200.132.128
121,Hannah,Doughton,hdoughton3c@yolasite.com,Female,117.109.202.111
122,Joli,Mebes,jmebes3d@amazonaws.com,Female,202.204.124.106
123,Vinnie,Hoovart,vhoovart3e@webs.com,Female,108.78.38.94
124,Frankie,Sieghard,fsieghard3f@hibu.com,Female,199.221.64.247
125,Theodora,Jorissen,tjorissen3g@loc.gov,Female,48.170.175.239
126,Nev,Crayker,ncrayker3h@elegantthemes.com,Male,156.102.136.93
127,Hastie,Abbate,habbate3i@fema.gov,Male,111.213.16.15
128,Kristopher,Beddall,kbeddall3j@oracle.com,Male,212.122.241.135
129,Terese,Earie,tearie3k@livejournal.com,Female,86.187.0.69
130,Peter,Rebbeck,prebbeck3l@moonfruit.com,Male,71.9.185.159
131,Pierce,Behan,pbehan3m@shutterfly.com,Male,140.13.55.166
132,Birk,Fero,bfero3n@vimeo.com,Male,26.238.33.251
133,Horatio,Lambertson,hlambertson3o@ucla.edu,Male,134.20.76.162
134,Benoit,Huyge,bhuyge3p@miitbeian.gov.cn,Male,106.142.49.3
135,Ruddy,Manby,rmanby3q@hibu.com,Male,15.247.40.7
136,Shepard,Ruddle,sruddle3r@webmd.com,Male,145.120.59.132
137,Layne,Wysome,lwysome3s@soundcloud.com,Female,216.18.25.138
138,Marijn,Poveleye,mpoveleye3t@networksolutions.com,Male,26.224.140.193
139,Pooh,Wakley,pwakley3u@google.cn,Male,210.127.128.90
140,Piggy,Mehmet,pmehmet3v@uiuc.edu,Male,172.75.30.51
141,Dukie,Conyard,dconyard3w@artisteer.com,Male,133.219.30.13
142,Karen,Manns,kmanns3x@bloglines.com,Female,194.54.241.75
143,Cati,Connichie,cconnichie3y@de.vu,Female,214.155.33.27
144,Corene,Drewery,cdrewery3z@nationalgeographic.com,Female,146.3.116.96
145,Milka,Melland,mmelland40@businessinsider.com,Female,172.109.175.224
146,Edie,Stickford,estickford41@opera.com,Female,223.205.53.245
147,Carlita,Orwin,corwin42@ifeng.com,Female,186.48.80.171
148,Nissy,Cuthill,ncuthill43@oracle.com,Female,206.186.139.20
149,Jordan,Hargey,jhargey44@homestead.com,Male,50.56.133.205
150,Theobald,Roose,troose45@dedecms.com,Male,186.70.38.244
151,Marietta,Kenningham,mkenningham46@example.com,Male,96.203.191.35
152,Vincenz,Leates,vleates47@prnewswire.com,Male,147.143.99.74
153,Dillon,Overbury,doverbury48@washington.edu,Male,248.187.45.77
154,Elsey,Gauson,egauson49@fema.gov,Female,182.55.167.226
155,Caitlin,Brodbin,cbrodbin4a@icq.com,Female,74.74.11.134
156,Fredrika,Gimber,fgimber4b@list-manage.com,Female,246.173.213.187
157,Berta,Starrs,bstarrs4c@google.ru,Female,116.53.227.203
158,Annetta,Aberhart,aaberhart4d@sun.com,Female,8.47.205.90
159,Donnajean,Rentoll,drentoll4e@list-manage.com,Female,160.50.139.204
160,Yoshiko,Dziwisz,ydziwisz4f@wordpress.org,Female,241.128.189.194
161,Drud,Fawlkes,dfawlkes4g@fda.gov,Male,117.198.159.168
162,Leonore,Annetts,lannetts4h@ebay.com,Female,55.147.200.201
163,Holly,McRavey,hmcravey4i@instagram.com,Female,215.81.253.135
164,Pall,Cassey,pcassey4j@slate.com,Male,65.85.73.51
165,Sargent,Skirrow,sskirrow4k@github.io,Male,113.176.195.228
166,Toma,Tower,ttower4l@digg.com,Female,61.151.217.211
167,Maud,Banane,mbanane4m@pinterest.com,Female,205.251.223.97
168,Annecorinne,Greatland,agreatland4n@mashable.com,Female,180.32.233.108
169,Ludwig,Hallahan,lhallahan4o@xinhuanet.com,Male,146.134.122.140
170,Aubree,Pitfield,apitfield4p@slideshare.net,Female,222.214.211.224
171,Nigel,Adamovsky,nadamovsky4q@fema.gov,Male,12.100.237.60
172,Yvor,Gegg,ygegg4r@wordpress.com,Male,221.184.167.221
173,Jorie,Chitty,jchitty4s@jalbum.net,Female,37.201.129.240
174,Jarrad,Rohlf,jrohlf4t@sfgate.com,Male,199.87.52.62
175,Xerxes,MacGaughie,xmacgaughie4u@constantcontact.com,Male,139.44.189.133
176,Alfi,Spridgeon,aspridgeon4v@elegantthemes.com,Female,254.255.98.17
177,Agnola,Bauld,abauld4w@ca.gov,Female,108.4.179.167
178,Rita,Genty,rgenty4x@lycos.com,Female,178.65.222.190
179,Gustaf,Lerigo,glerigo4y@sogou.com,Male,13.166.246.7
180,Stevy,Sworder,ssworder4z@rakuten.co.jp,Male,254.248.29.195
181,Rosene,Tabour,rtabour50@hc360.com,Female,111.172.47.142
182,Sibylla,Aldins,saldins51@yahoo.com,Female,242.22.179.69
183,Allegra,O'Driscole,aodriscole52@facebook.com,Female,54.138.92.148
184,Bondie,Waeland,bwaeland53@wp.com,Male,130.220.42.38
185,Chet,O'Reilly,coreilly54@state.tx.us,Male,200.94.112.104
186,Jordanna,Haycraft,jhaycraft55@furl.net,Female,92.7.209.113
187,Meggi,Huetson,mhuetson56@ow.ly,Female,146.66.52.218
188,Joellen,Dundredge,jdundredge57@patch.com,Female,147.200.237.55
189,Millard,Winspur,mwinspur58@purevolume.com,Male,246.237.11.0
190,Kacy,Jonk,kjonk59@xinhuanet.com,Female,98.57.247.13
191,Mano,Congram,mcongram5a@wikia.com,Male,207.44.241.231
192,Lenora,Bakhrushkin,lbakhrushkin5b@nature.com,Female,125.96.15.139
193,Julie,McLennan,jmclennan5c@t.co,Male,9.230.194.23
194,Kermit,Ruddom,kruddom5d@youku.com,Male,87.231.63.230
195,Clemmie,Booth-Jarvis,cboothjarvis5e@reference.com,Female,32.226.214.57
196,Abbie,Botterell,abotterell5f@discuz.net,Male,10.191.171.165
197,Cher,Maciaszek,cmaciaszek5g@nps.gov,Female,235.146.212.230
198,Alphonso,Harhoff,aharhoff5h@t-online.de,Male,74.37.169.67
199,Pippo,Kohtler,pkohtler5i@free.fr,Male,53.208.72.199
200,Corbet,Elen,celen5j@alexa.com,Male,206.198.161.30
201,Kay,Forsythe,kforsythe5k@whitehouse.gov,Female,135.172.176.189
202,Richardo,Coyne,rcoyne5l@google.pl,Male,142.194.247.254
203,Denni,Rillett,drillett5m@ning.com,Female,130.253.141.2
204,Odella,Aleavy,oaleavy5n@sciencedirect.com,Female,115.110.72.122
205,Kalie,Hopkynson,khopkynson5o@wiley.com,Female,24.176.102.21
206,Talia,Murra,tmurra5p@dagondesign.com,Female,11.57.69.233
207,Madison,Spreag,mspreag5q@un.org,Male,100.10.240.149
208,Finley,Siviter,fsiviter5r@squidoo.com,Male,173.27.38.184
209,Pier,Dot,pdot5s@canalblog.com,Female,174.6.89.154
210,Shir,MacSwayde,smacswayde5t@xrea.com,Female,143.114.98.121
211,Robinett,Laven,rlaven5u@fotki.com,Female,151.106.159.214
212,Hagen,McAtamney,hmcatamney5v@skype.com,Male,109.254.205.244
213,Delmore,Prys,dprys5w@thetimes.co.uk,Male,71.242.51.120
214,Debi,Blackall,dblackall5x@cam.ac.uk,Female,180.232.180.111
215,Issy,Sedcole,isedcole5y@bing.com,Female,103.193.99.73
216,Avie,Merrell,amerrell5z@cocolog-nifty.com,Female,69.205.218.57
217,Toddy,Sich,tsich60@blogger.com,Male,0.238.52.249
218,Benji,Haysar,bhaysar61@deviantart.com,Male,250.251.40.36
219,Kiley,Wilfling,kwilfling62@elpais.com,Male,105.48.1.146
220,Gannon,Wedlake,gwedlake63@wordpress.com,Male,68.50.33.205
221,Emmet,Rainford,erainford64@shop-pro.jp,Male,177.89.113.63
222,Boyce,Skeats,bskeats65@google.ca,Male,92.54.46.12
223,Emlyn,Eglaise,eeglaise66@google.de,Male,10.238.9.112
224,Tristan,Durbann,tdurbann67@nps.gov,Male,178.127.122.98
225,Marga,Kordas,mkordas68@cnet.com,Female,221.126.19.66
226,Rutledge,Linfoot,rlinfoot69@dion.ne.jp,Male,30.66.40.25
227,Rosabelle,Rajchert,rrajchert6a@uol.com.br,Female,64.36.7.62
228,Tiphany,Lucken,tlucken6b@surveymonkey.com,Female,57.220.76.230
229,Judi,Donisthorpe,jdonisthorpe6c@blogspot.com,Female,145.102.216.78
230,Dulcine,Cranfield,dcranfield6d@tiny.cc,Female,70.165.214.240
231,Barbabas,Fasson,bfasson6e@discuz.net,Male,201.118.11.35
232,Jameson,Peltzer,jpeltzer6f@tiny.cc,Male,209.237.42.131
233,Chrotoem,Meriel,cmeriel6g@oracle.com,Male,35.134.15.55
234,Brandea,Cusick,bcusick6h@canalblog.com,Female,133.120.69.237
235,Terencio,Edgerton,tedgerton6i@chron.com,Male,142.61.198.163
236,Sydney,Tuffs,stuffs6j@dell.com,Male,248.28.71.15
237,Eddy,Eveque,eeveque6k@flickr.com,Female,219.235.187.4
238,Randi,Roadnight,rroadnight6l@umich.edu,Male,92.26.230.55
239,Nichole,Crucetti,ncrucetti6m@canalblog.com,Male,157.137.56.153
240,Adrianne,Dumbar,adumbar6n@umn.edu,Female,208.73.83.235
241,Siana,Shilstone,sshilstone6o@google.com.br,Female,183.84.119.127
242,Drugi,Merrgen,dmerrgen6p@liveinternet.ru,Male,182.2.253.31
243,Alvan,Measom,ameasom6q@alexa.com,Male,4.148.80.113
244,Annamaria,Egalton,aegalton6r@apple.com,Female,164.203.39.229
245,Carmina,Ucceli,cucceli6s@shinystat.com,Female,184.127.95.36
246,Sonnie,Farriar,sfarriar6t@infoseek.co.jp,Female,238.14.134.155
247,Barbe,Tollfree,btollfree6u@t-online.de,Female,40.150.159.108
248,Sibylla,Ivancevic,sivancevic6v@google.co.uk,Female,112.112.11.174
249,Grant,Sawnwy,gsawnwy6w@cdbaby.com,Male,214.224.169.165
250,Codee,Brendel,cbrendel6x@sun.com,Female,221.218.76.18
251,Goddart,Evetts,gevetts6y@addthis.com,Male,33.224.52.10
252,Quincy,Concannon,qoconcannon6z@illinois.edu,Male,84.173.234.141
253,Neille,Child,nchild70@abc.net.au,Female,166.130.199.46
254,Jacobo,Brecken,jbrecken71@bloomberg.com,Male,118.109.117.80
255,Esme,Coursor,ecoursor72@biblegateway.com,Male,210.31.170.105
256,Vinson,Coghlan,vcoghlan73@4shared.com,Male,72.194.127.79
257,Marsh,Uman,muman74@google.cn,Male,229.78.110.6
258,Tessa,Ferdinand,tferdinand75@cbsnews.com,Female,42.210.27.109
259,Germaine,Merington,gmerington76@state.tx.us,Male,78.91.28.127
260,Gwendolen,Innwood,ginnwood77@com.com,Female,90.192.70.122
261,Gerhard,Zealander,gzealander78@hhs.gov,Male,145.203.101.76
262,Eliot,Shane,eshane79@aol.com,Male,142.27.27.168
263,Judah,Prew,jprew7a@simplemachines.org,Male,149.45.233.230
264,Bertrando,Fullard,bfullard7b@bravesites.com,Male,212.170.247.240
265,Urbano,DeFilippi,udefilippi7c@simplemachines.org,Male,6.251.87.12
266,Audre,Cordy,acordy7d@aol.com,Female,44.51.32.82
267,Joey,Aughton,jaughton7e@whitehouse.gov,Female,223.243.191.121
268,Julie,Hehnke,jhehnke7f@imgur.com,Female,207.80.180.179
269,Russ,Mathews,rmathews7g@blinklist.com,Male,165.22.48.102
270,Anderson,Worgan,aworgan7h@prweb.com,Male,27.57.152.7
271,Alika,Blaschke,ablaschke7i@skyrock.com,Female,74.205.249.103
272,L;urette,Wybourne,lwybourne7j@dailymotion.com,Female,85.69.2.140
273,Alyss,Lupson,alupson7k@sogou.com,Female,217.123.235.83
274,Felipe,Saxon,fsaxon7l@indiegogo.com,Male,53.202.136.17
275,Augustus,Fenwick,afenwick7m@etsy.com,Male,16.192.30.101
276,Gregor,Whild,gwhild7n@princeton.edu,Male,1.63.17.28
277,Jeanne,Overstreet,joverstreet7o@cbsnews.com,Female,7.130.202.158
278,Mario,Kilner,mkilner7p@geocities.com,Male,25.199.167.142
279,Grissel,Rosewell,grosewell7q@msu.edu,Female,249.183.237.14
280,Salomo,Coles,scoles7r@a8.net,Male,24.117.109.63
281,Jillene,Devennie,jdevennie7s@accuweather.com,Female,47.35.15.94
282,Bertram,Ros,bros7t@ifeng.com,Male,179.145.30.217
283,Eddy,Fonzone,efonzone7u@ed.gov,Male,195.24.28.84
284,Joye,Tomsen,jtomsen7v@github.com,Female,219.48.4.242
285,Sabrina,Lightning,slightning7w@ustream.tv,Female,120.69.31.217
286,Lucho,Sambles,lsambles7x@twitter.com,Male,33.107.168.43
287,Taffy,Povah,tpovah7y@microsoft.com,Female,123.121.25.197
288,Jimmy,Sherewood,jsherewood7z@godaddy.com,Male,79.188.38.55
289,Lucio,Grassot,lgrassot80@slideshare.net,Male,15.88.181.198
290,Aymer,Duke,aduke81@furl.net,Male,28.4.128.72
291,Shurlocke,Boylan,sboylan82@skyrock.com,Male,202.251.44.2
292,Roz,Scholte,rscholte83@amazonaws.com,Female,105.250.84.145
293,Claudian,Osmond,cosmond84@adobe.com,Male,122.188.214.36
294,Danit,Ferry,dferry85@netlog.com,Female,234.239.75.143
295,Sebastian,Kitchen,skitchen86@narod.ru,Male,103.93.142.134
296,Berget,Kittles,bkittles87@cpanel.net,Female,59.101.163.146
297,Lyssa,Timmes,ltimmes88@independent.co.uk,Female,238.237.34.209
298,Ardisj,Heys,aheys89@statcounter.com,Female,142.56.194.239
299,Bridget,Teale,bteale8a@alexa.com,Female,154.241.194.177
300,Rozella,Jozsa,rjozsa8b@linkedin.com,Female,84.138.146.91
301,Abbey,Jacomb,ajacomb8c@dot.gov,Female,101.31.65.129
302,Rudolph,Mannakee,rmannakee8d@stanford.edu,Male,103.169.235.233
303,Austina,Collinette,acollinette8e@joomla.org,Female,134.220.23.237
304,Lovell,Worthing,lworthing8f@spiegel.de,Male,25.230.208.96
305,Carny,Gerholz,cgerholz8g@telegraph.co.uk,Male,218.104.117.247
306,Stavros,Santi,ssanti8h@hugedomains.com,Male,88.193.111.154
307,Lura,Getten,lgetten8i@ning.com,Female,165.114.248.174
308,Ardelis,Meran,ameran8j@studiopress.com,Female,154.193.41.162
309,Valle,Gallichan,vgallichan8k@hexun.com,Male,46.120.250.100
310,Nettie,Fursland,nfursland8l@ihg.com,Female,247.160.105.225
311,Celestina,Boyland,cboyland8m@epa.gov,Female,48.188.223.38
312,Inna,Grinyer,igrinyer8n@ask.com,Female,122.168.24.230
313,Laina,Skyppe,lskyppe8o@google.es,Female,64.194.107.11
314,Charlie,StAngel,cstangel8p@lulu.com,Male,32.47.70.240
315,Yardley,Scapens,yscapens8q@1688.com,Male,88.245.81.66
316,Clementius,Davidovici,cdavidovici8r@nymag.com,Male,43.139.139.38
317,Willie,Willcott,wwillcott8s@unc.edu,Female,136.87.0.249
318,Fransisco,Arlow,farlow8t@eepurl.com,Male,58.202.149.228
319,Brig,Gammade,bgammade8u@tmall.com,Male,119.85.101.41
320,Barney,Moxon,bmoxon8v@123-reg.co.uk,Male,188.201.21.184
321,Gwenny,Pimerick,gpimerick8w@epa.gov,Female,44.84.25.221
322,Kienan,Collar,kcollar8x@trellian.com,Male,214.119.62.31
323,Rogers,Rahl,rrahl8y@weather.com,Male,169.102.34.128
324,Corbett,Barehead,cbarehead8z@ning.com,Male,72.98.225.17
325,Reed,Markie,rmarkie90@csmonitor.com,Male,224.199.252.177
326,Hersh,Josefsen,hjosefsen91@sitemeter.com,Male,211.104.30.200
327,Kariotta,Brissard,kbrissard92@bbc.co.uk,Female,234.64.216.196
328,Sawyer,Josse,sjosse93@ucla.edu,Male,34.197.91.117
329,Cassius,Radford,cradford94@nifty.com,Male,19.84.161.221
330,Cele,Huegett,chuegett95@dailymotion.com,Female,49.121.244.130
331,Marcelle,McDonand,mmcdonand96@state.gov,Female,23.134.188.193
332,Linette,Short,lshort97@liveinternet.ru,Female,179.148.12.86
333,Melessa,Senechault,msenechault98@de.vu,Female,189.74.37.2
334,Dunc,Carlaw,dcarlaw99@google.co.uk,Male,125.32.220.101
335,Janka,Godart,jgodart9a@soundcloud.com,Female,236.122.143.174
336,Hilton,Varnham,hvarnham9b@oaic.gov.au,Male,158.155.80.149
337,Delora,Chatain,dchatain9c@fotki.com,Female,197.236.28.66
338,Krishna,Shireff,kshireff9d@symantec.com,Male,47.20.103.25
339,Emmy,Duffett,eduffett9e@mashable.com,Male,91.178.59.219
340,Demetre,Shillan,dshillan9f@i2i.jp,Male,175.249.164.128
341,Ryley,MacPeice,rmacpeice9g@blogs.com,Male,116.70.196.29
342,Eadmund,Iacovides,eiacovides9h@msu.edu,Male,237.79.149.0
343,Fredelia,Crowder,fcrowder9i@youtube.com,Female,136.136.64.125
344,Dorian,Scala,ddellascala9j@mapy.cz,Male,80.241.195.69
345,Raimondo,Flemyng,rflemyng9k@odnoklassniki.ru,Male,11.200.236.47
346,Karia,Yewdale,kyewdale9l@ocn.ne.jp,Female,203.190.207.70
347,Leela,Castelain,lcastelain9m@nhs.uk,Female,130.49.106.56
348,Lindsay,Lowdes,llowdes9n@mac.com,Male,187.167.188.199
349,Wood,Gracey,wgracey9o@theguardian.com,Male,189.237.101.20
350,Blinny,Casali,bcasali9p@webeden.co.uk,Female,211.128.156.201
351,Karyl,Whitmarsh,kwhitmarsh9q@marriott.com,Female,113.17.11.128
352,Roch,Fratson,rfratson9r@tripod.com,Female,252.128.68.61
353,Yehudi,Cowperthwaite,ycowperthwaite9s@weather.com,Male,146.131.150.191
354,Grissel,Nuzzi,gnuzzi9t@umn.edu,Female,108.9.27.44
355,Ches,Beany,cbeany9u@usnews.com,Male,202.201.5.126
356,Michale,Piller,mpiller9v@dagondesign.com,Male,115.182.217.75
357,Pearce,Matiebe,pmatiebe9w@redcross.org,Male,45.147.97.140
358,Boycey,Pellingar,bpellingar9x@ox.ac.uk,Male,85.68.188.191
359,Cassie,Tidbold,ctidbold9y@webeden.co.uk,Male,10.54.219.17
360,Rozele,Dionisio,rdionisio9z@histats.com,Female,254.136.18.134
361,Linnet,Lewry,llewrya0@ning.com,Female,107.173.26.234
362,Teddy,Theobalds,ttheobaldsa1@printfriendly.com,Female,75.238.21.216
363,Kalie,Spoors,kspoorsa2@google.ca,Female,209.122.121.152
364,Raynell,Worssam,rworssama3@sitemeter.com,Female,201.186.127.97
365,Denys,McMackin,dmcmackina4@cargocollective.com,Female,141.129.201.8
366,Shayla,Suffe,ssuffea5@ameblo.jp,Female,124.203.217.102
367,Nikolia,Sawdon,nsawdona6@google.pl,Female,41.87.235.200
368,Godiva,Yacob,gyacoba7@dedecms.com,Female,188.30.133.214
369,Tripp,Sturzaker,tsturzakera8@businesswire.com,Male,181.156.254.19
370,Linet,Insall,linsalla9@cargocollective.com,Female,36.233.28.207
371,Layla,Ciotto,lciottoaa@oakley.com,Female,165.64.115.169
372,Avictor,Frackiewicz,afrackiewiczab@w3.org,Male,48.145.160.43
373,Lorilee,Gyer,lgyerac@telegraph.co.uk,Female,153.194.17.74
374,Agna,Fazan,afazanad@booking.com,Female,203.243.111.86
375,Inness,Barrows,ibarrowsae@exblog.jp,Male,192.194.213.117
376,Kelwin,Lafay,klafayaf@imageshack.us,Male,128.71.226.159
377,Baldwin,Shuttell,bshuttellag@uol.com.br,Male,248.14.92.18
378,Seymour,Morritt,smorrittah@sun.com,Male,194.120.104.45
379,Reina,Keeley,rkeeleyai@earthlink.net,Female,176.137.17.199
380,Rafaelia,Somersett,rsomersettaj@yale.edu,Female,66.171.147.217
381,Chip,Greschke,cgreschkeak@ow.ly,Male,99.219.186.44
382,Eartha,Rickis,erickisal@cbslocal.com,Female,55.214.146.46
383,Lorita,Heatherington,lheatheringtonam@google.com.hk,Female,35.228.87.215
384,Marius,Reef,mreefan@hostgator.com,Male,158.225.15.41
385,Carlynn,Shaxby,cshaxbyao@home.pl,Female,107.233.99.159
386,Wilhelm,Farlambe,wfarlambeap@mashable.com,Male,202.87.237.140
387,Valaree,Van,vvanaq@printfriendly.com,Female,213.90.232.57
388,Antonio,Malster,amalsterar@goo.gl,Male,217.0.0.217
389,Sunny,Eager,seageras@wp.com,Female,142.234.59.250
390,Davin,Timny,dtimnyat@taobao.com,Male,111.253.195.234
391,Nata,Windeatt,nwindeattau@chron.com,Female,156.78.211.98
392,Liuka,Rosenwald,lrosenwaldav@odnoklassniki.ru,Female,131.241.68.59
393,Samaria,McPhail,smcphailaw@cnn.com,Female,9.26.76.136
394,Karol,Mashal,kmashalax@dyndns.org,Female,99.90.132.73
395,Brittaney,McKenna,bmckennaay@mozilla.org,Female,48.57.144.90
396,Godwin,Boken,gbokenaz@unc.edu,Male,130.146.227.156
397,Hanny,Antat,hantatb0@soundcloud.com,Female,2.36.188.76
398,Filmore,Ferrey,fferreyb1@barnesandnoble.com,Male,254.130.46.88
399,Hilario,Ivakhno,hivakhnob2@github.io,Male,194.110.228.121
400,Joey,Lummasana,jlummasanab3@bandcamp.com,Female,101.221.67.68
401,Mord,Collcott,mcollcottb4@blogger.com,Male,195.163.14.94
402,Tiff,Gier,tgierb5@addthis.com,Female,142.243.2.204
403,Diane,Packer,dpackerb6@dmoz.org,Female,177.148.66.105
404,Bord,Bortolazzi,bbortolazzib7@gizmodo.com,Male,67.86.40.22
405,Toni,Dollar,tdollarb8@storify.com,Female,244.221.192.103
406,Nat,Lamplugh,nlamplughb9@bbb.org,Female,141.83.196.72
407,Maurizio,Baume,mbaumeba@omniture.com,Male,48.219.44.145
408,Dena,Waite,dwaitebb@berkeley.edu,Female,134.16.182.89
409,Stearn,Muir,smuirbc@ca.gov,Male,136.104.149.188
410,Magdaia,Jonathon,mjonathonbd@comsenz.com,Female,195.234.69.149
411,Serge,Burwell,sburwellbe@ucoz.com,Male,203.23.151.245
412,Edgardo,Jodlkowski,ejodlkowskibf@addthis.com,Male,66.96.28.244
413,Roselle,Easeman,reasemanbg@miitbeian.gov.cn,Female,219.133.83.96
414,Zak,Wrotham,zwrothambh@technorati.com,Male,30.91.240.57
415,Mead,Hardin,mhardinbi@shutterfly.com,Male,249.182.146.193
416,Kalina,Seatter,kseatterbj@globo.com,Female,221.247.215.203
417,Carly,Seelbach,cseelbachbk@123-reg.co.uk,Male,39.251.137.251
418,Brady,Stockoe,bstockoebl@tinyurl.com,Male,186.141.130.7
419,Andrey,Dorton,adortonbm@over-blog.com,Male,63.231.143.225
420,Joyann,Wiffield,jwiffieldbn@vimeo.com,Female,250.153.41.41
421,Ossie,Biesty,obiestybo@tuttocitta.it,Male,59.20.22.140
422,Marylin,Berzin,mberzinbp@japanpost.jp,Female,161.138.212.142
423,Tedman,Pauleau,tpauleaubq@epa.gov,Male,23.212.222.207
424,Averell,Filon,afilonbr@wisc.edu,Male,25.62.197.226
425,Gran,Deniseau,gdeniseaubs@wikimedia.org,Male,195.3.54.180
426,Stinky,Screech,sscreechbt@acquirethisname.com,Male,217.26.238.11
427,Padget,Keling,pkelingbu@fastcompany.com,Male,240.191.218.80
428,Mortimer,Jeduch,mjeduchbv@samsung.com,Male,238.195.10.6
429,Tess,Henriquet,thenriquetbw@github.com,Female,121.134.183.105
430,Brannon,Kiera,bkierabx@paypal.com,Male,215.9.59.250
431,Franz,Shalloe,fshalloeby@guardian.co.uk,Male,184.169.143.161
432,Chauncey,O'Corhane,cocorhanebz@webmd.com,Male,237.159.246.13
433,Sissy,Whopples,swhopplesc0@unesco.org,Female,159.91.245.132
434,Kort,Linwood,klinwoodc1@cdc.gov,Male,28.24.157.19
435,Leontine,Jojic,ljojicc2@ning.com,Female,32.118.57.36
436,Allistir,Fenners,afennersc3@domainmarket.com,Male,150.5.188.86
437,Johan,Soppitt,jsoppittc4@youtube.com,Male,135.209.38.6
438,Micky,Chown,mchownc5@twitter.com,Female,148.185.202.76
439,Giovanna,Chatters,gchattersc6@merriam-webster.com,Female,167.64.230.88
440,Barbie,Scandrick,bscandrickc7@lycos.com,Female,114.213.2.250
441,Harlin,Bage,hbagec8@adobe.com,Male,155.121.149.59
442,Zack,McNuff,zmcnuffc9@examiner.com,Male,13.153.88.142
443,Sonni,Dobbison,sdobbisonca@examiner.com,Female,211.46.144.232
444,Waite,Calveley,wcalveleycb@ehow.com,Male,167.187.177.233
445,Trefor,Norvill,tnorvillcc@comsenz.com,Male,162.198.48.215
446,Roman,Birrane,rbirranecd@netvibes.com,Male,45.225.210.224
447,Bobbye,Canby,bcanbyce@topsy.com,Female,139.159.86.179
448,Ferne,Arnaut,farnautcf@businessinsider.com,Female,1.159.252.11
449,Phyllida,Longhi,plonghicg@facebook.com,Female,45.122.47.195
450,Anthia,Limrick,alimrickch@webnode.com,Female,187.76.176.230
451,Christyna,Dovidian,cdovidianci@guardian.co.uk,Female,235.175.22.198
452,Dani,Gilloran,dgillorancj@narod.ru,Male,142.214.174.116
453,Graeme,Stevings,gstevingsck@sohu.com,Male,164.84.208.183
454,Kori,Pennazzi,kpennazzicl@army.mil,Female,70.81.72.238
455,Millisent,Bedbrough,mbedbroughcm@accuweather.com,Female,250.179.194.221
456,Tammie,Foxten,tfoxtencn@phpbb.com,Female,232.76.99.2
457,Giacomo,Cleaveland,gcleavelandco@craigslist.org,Male,28.151.159.24
458,Bettye,Kingsford,bkingsfordcp@clickbank.net,Female,230.244.48.162
459,Rikki,Casier,rcasiercq@jalbum.net,Male,184.69.62.104
460,Savina,Camlin,scamlincr@feedburner.com,Female,118.31.93.3
461,Hana,Saing,hsaingcs@ibm.com,Female,207.161.233.195
462,Beth,Bridgewood,bbridgewoodct@livejournal.com,Female,63.70.8.241
463,Sophronia,Ciccerale,scicceralecu@people.com.cn,Female,9.3.152.0
464,Corny,Raselles,crasellescv@ted.com,Female,143.141.238.178
465,Sherwin,Petrelli,spetrellicw@1und1.de,Male,222.9.44.230
466,Candace,Owens,cowenscx@alibaba.com,Female,171.71.147.109
467,Dukie,Wane,dwanecy@cisco.com,Male,54.192.74.67
468,Shep,Dear,sdearcz@diigo.com,Male,167.35.22.156
469,Lynsey,Kurten,lkurtend0@arizona.edu,Female,16.48.241.88
470,Dall,Southby,dsouthbyd1@example.com,Male,81.127.92.246
471,Lavinie,Cobleigh,lcobleighd2@tuttocitta.it,Female,206.134.19.236
472,Foss,Major,fmajord3@mozilla.com,Male,195.212.97.189
473,Benny,Dulling,bdullingd4@ftc.gov,Male,68.229.139.141
474,Ashbey,Fidoe,afidoed5@mac.com,Male,180.214.215.19
475,Dolf,Sammon,dsammond6@plala.or.jp,Male,109.21.7.177
476,Sander,Marages,smaragesd7@walmart.com,Male,163.6.247.160
477,Abe,Yannikov,ayannikovd8@ask.com,Male,115.254.192.156
478,Nick,Brimm,nbrimmd9@drupal.org,Male,134.188.243.252
479,Rheta,Kember,rkemberda@flickr.com,Female,173.211.208.88
480,Jock,Cracoe,jcracoedb@amazon.de,Male,12.223.94.160
481,Raychel,Playfair,rplayfairdc@tamu.edu,Female,103.243.121.247
482,Kennett,Bimrose,kbimrosedd@irs.gov,Male,116.254.41.75
483,Mikey,Kidds,mkiddsde@com.com,Male,126.85.138.171
484,Natividad,Petto,npettodf@bloglines.com,Female,39.32.70.36
485,Everard,Gunbie,egunbiedg@ovh.net,Male,124.196.214.251
486,Caldwell,Crease,ccreasedh@nifty.com,Male,96.172.38.146
487,Lyndell,Andreini,landreinidi@smh.com.au,Female,242.61.206.113
488,Tadeas,Clementucci,tclementuccidj@samsung.com,Male,216.154.42.198
489,Clerkclaude,Lancashire,clancashiredk@walmart.com,Male,58.246.128.8
490,Iona,Bresnen,ibresnendl@twitpic.com,Female,223.74.177.64
491,Kayne,Finnigan,kfinnigandm@google.pl,Male,188.67.239.214
492,Nedi,Sonley,nsonleydn@sohu.com,Female,120.159.169.68
493,Courtney,Fishleigh,cfishleighdo@naver.com,Male,29.196.246.162
494,Nevile,Blizard,nblizarddp@mozilla.org,Male,246.66.238.29
495,Kettie,Timoney,ktimoneydq@cbsnews.com,Female,245.43.158.179
496,Myca,Frowen,mfrowendr@dyndns.org,Male,85.227.240.122
497,Ursa,Bassam,ubassamds@xinhuanet.com,Female,71.155.75.11
498,Bunni,Donke,bdonkedt@csmonitor.com,Female,136.232.172.97
499,Erek,O'Hare,eoharedu@de.vu,Male,166.81.49.93
500,Dory,Esherwood,desherwooddv@scribd.com,Female,189.87.220.115
501,Clemmie,Ouldcott,couldcottdw@engadget.com,Female,64.231.214.17
502,Wadsworth,Dance,wdancedx@wikipedia.org,Male,48.43.130.49
503,Ddene,Francombe,dfrancombedy@surveymonkey.com,Female,13.89.85.180
504,Zebedee,Garthland,zgarthlanddz@is.gd,Male,24.108.169.148
505,Stace,Umbert,sumberte0@comcast.net,Female,70.216.69.56
506,Joel,Pringley,jpringleye1@canalblog.com,Male,236.160.157.29
507,Kori,Domniney,kdomnineye2@tinypic.com,Female,67.17.96.51
508,Ermanno,Gurton,egurtone3@mediafire.com,Male,90.81.84.161
509,Daile,Cocke,dcockee4@parallels.com,Female,9.184.185.217
510,Reagen,Clempton,rclemptone5@time.com,Male,145.237.74.155
511,Teresita,Axworthy,taxworthye6@cnn.com,Female,142.9.248.65
512,Joe,Gransden,jgransdene7@pcworld.com,Male,249.178.124.228
513,Mile,Wolfers,mwolferse8@myspace.com,Male,194.76.137.19
514,Bo,Groll,bgrolle9@usatoday.com,Male,81.211.244.249
515,Jenelle,Woakes,jwoakesea@squidoo.com,Female,77.179.103.43
516,Kipp,Dorn,kdorneb@google.pl,Female,67.47.73.242
517,Kristal,Lush,klushec@edublogs.org,Female,155.10.65.191
518,Nannette,Meynell,nmeynelled@upenn.edu,Female,92.178.226.229
519,Lin,Woolveridge,lwoolveridgeee@slashdot.org,Male,8.11.123.1
520,Shandie,Sherrock,ssherrockef@irs.gov,Female,161.124.240.2
521,Morris,Galbraith,mgalbraitheg@wordpress.org,Male,112.108.115.94
522,Everett,O'Hoey,eohoeyeh@ebay.com,Male,170.66.101.152
523,Nester,Harlowe,nharloweei@newyorker.com,Male,69.212.113.72
524,Edyth,Canete,ecaneteej@netvibes.com,Female,30.98.209.10
525,Jermain,Moon,jmoonek@comsenz.com,Male,161.72.227.111
526,Elisabetta,Merredy,emerredyel@ehow.com,Female,59.132.185.248
527,Annnora,Pina,apinaem@slideshare.net,Female,19.3.171.253
528,Ginnifer,Sollowaye,gsollowayeen@eepurl.com,Female,244.165.59.66
529,Godwin,Gyrgorcewicx,ggyrgorcewicxeo@usatoday.com,Male,65.249.80.131
530,Hamlin,Claire,hclaireep@businessweek.com,Male,213.33.205.239
531,Leanora,Leys,lleyseq@vinaora.com,Female,226.179.1.75
532,Jedediah,Abbado,jabbadoer@hc360.com,Male,62.53.100.94
533,Charmain,Kobpal,ckobpales@bloomberg.com,Female,20.188.154.119
534,Maribelle,Mosen,mmosenet@mediafire.com,Female,196.174.116.237
535,Owen,Rapo,orapoeu@spiegel.de,Male,230.121.240.17
536,Pierette,Meadus,pmeadusev@smugmug.com,Female,13.114.60.81
537,Randell,Maybery,rmayberyew@studiopress.com,Male,55.189.10.100
538,Adria,Smitham,asmithamex@seattletimes.com,Female,95.47.27.176
539,Gabi,Haskayne,ghaskayneey@blogs.com,Male,163.84.89.142
540,Barbabas,Letterick,bletterickez@bloglines.com,Male,148.170.221.43
541,Muriel,Boyd,mboydf0@narod.ru,Female,198.149.171.189
542,Berni,Greenshiels,bgreenshielsf1@mapy.cz,Female,25.110.18.153
543,Adam,Beiderbecke,abeiderbeckef2@t-online.de,Male,229.209.182.178
544,Aile,Brimilcome,abrimilcomef3@economist.com,Female,137.121.35.94
545,Shell,D'Aubney,sdaubneyf4@princeton.edu,Female,103.72.65.227
546,Brenn,Hambribe,bhambribef5@hibu.com,Female,180.35.134.21
547,Meghan,MacSweeney,mmacsweeneyf6@networkadvertising.org,Female,211.115.36.42
548,Jackelyn,McTrustam,jmctrustamf7@skyrock.com,Female,227.239.212.208
549,Lin,Pollicatt,lpollicattf8@ovh.net,Male,156.33.199.76
550,Janene,Karlik,jkarlikf9@vk.com,Female,185.211.90.19
551,Lombard,Zettler,lzettlerfa@icio.us,Male,213.247.29.34
552,Eveleen,Routhorn,erouthornfb@senate.gov,Female,188.29.75.229
553,Mandi,Mallya,mmallyafc@discuz.net,Female,0.150.52.5
554,Chicky,Bartelet,cbarteletfd@hugedomains.com,Male,93.98.197.19
555,Lauree,Bockler,lbocklerfe@theglobeandmail.com,Female,69.217.139.49
556,Marshal,Dooher,mdooherff@vistaprint.com,Male,85.193.55.47
557,Josselyn,Cholton,jcholtonfg@ihg.com,Female,80.143.252.39
558,Duky,Leeburne,dleeburnefh@blinklist.com,Male,163.205.122.222
559,Andras,Crossthwaite,acrossthwaitefi@linkedin.com,Male,76.170.182.28
560,Chiarra,Heelis,cheelisfj@cargocollective.com,Female,23.72.182.153
561,Tait,Eastwell,teastwellfk@geocities.jp,Male,107.171.143.94
562,Travers,Sinkins,tsinkinsfl@zimbio.com,Male,155.246.174.110
563,Theodosia,Clarke,tclarkefm@apache.org,Female,253.22.50.233
564,Katinka,Riddich,kriddichfn@indiatimes.com,Female,153.62.48.6
565,Lenora,Scones,lsconesfo@merriam-webster.com,Female,83.79.218.81
566,Ceciley,Byrne,cobyrnefp@vistaprint.com,Female,89.180.174.4
567,Korrie,Allabush,kallabushfq@geocities.jp,Female,85.222.71.240
568,Ruttger,Setterington,rsetteringtonfr@ustream.tv,Male,176.108.7.61
569,Patty,Degoy,pdegoyfs@mapquest.com,Male,8.226.67.215
570,Karole,Allsobrook,kallsobrookft@seattletimes.com,Female,88.216.230.77
571,Alyssa,Dwelly,adwellyfu@posterous.com,Female,95.252.103.231
572,Terrie,Youdell,tyoudellfv@4shared.com,Female,109.72.252.12
573,Alejandrina,Beebis,abeebisfw@facebook.com,Female,153.252.138.59
574,Tanitansy,Crafter,tcrafterfx@independent.co.uk,Female,77.1.76.85
575,Monroe,Roly,mrolyfy@mac.com,Male,30.80.247.245
576,Jeffrey,Aleavy,jaleavyfz@blog.com,Male,177.71.156.206
577,Nichols,Papaminas,npapaminasg0@whitehouse.gov,Male,190.51.204.142
578,Tybi,Kubiczek,tkubiczekg1@netlog.com,Female,27.13.88.171
579,Korie,Merrifield,kmerrifieldg2@springer.com,Female,183.178.107.197
580,Larine,Wands,lwandsg3@guardian.co.uk,Female,226.159.225.102
581,Mariquilla,Ledford,mledfordg4@europa.eu,Female,218.250.153.164
582,Betti,Celier,bcelierg5@dailymail.co.uk,Female,72.208.152.71
583,Hillier,Pischoff,hpischoffg6@twitpic.com,Male,27.73.142.89
584,Yvor,MacCrosson,ymaccrossong7@google.cn,Male,231.58.39.22
585,Gayle,Crut,gcrutg8@sitemeter.com,Female,244.42.147.127
586,Frazier,Joblin,fjobling9@dyndns.org,Male,9.133.10.166
587,Deana,Trimnell,dtrimnellga@ed.gov,Female,142.176.31.169
588,Haven,Josefsen,hjosefsengb@uiuc.edu,Male,63.77.20.182
589,Celene,Westgate,cwestgategc@hibu.com,Female,102.116.162.205
590,Nona,Grant,ngrantgd@list-manage.com,Female,19.68.63.1
591,Corty,Bonhomme,cbonhommege@1und1.de,Male,30.79.184.221
592,Edythe,Feares,efearesgf@surveymonkey.com,Female,95.163.216.95
593,Arnie,Guichard,aguichardgg@msu.edu,Male,30.181.104.17
594,Gustie,Grim,ggrimgh@prweb.com,Female,227.40.32.198
595,Verine,Parken,vparkengi@elegantthemes.com,Female,141.109.230.229
596,Andra,Denford,adenfordgj@tuttocitta.it,Female,82.25.183.221
597,Bree,Cleaves,bcleavesgk@dailymail.co.uk,Female,197.252.141.232
598,Willard,Karpenya,wkarpenyagl@facebook.com,Male,190.62.75.92
599,Spike,Blaksland,sblakslandgm@plala.or.jp,Male,61.24.206.23
600,Herrick,Torrese,htorresegn@microsoft.com,Male,40.184.8.68
601,Eben,Gon,egongo@google.nl,Male,40.43.188.10
602,Bradney,Prinn,bprinngp@cargocollective.com,Male,251.14.44.197
603,Chrystel,Bugbee,cbugbeegq@shinystat.com,Female,19.59.120.8
604,Leandra,Pyne,lpynegr@amazon.co.uk,Female,229.54.20.34
605,Neysa,Pibsworth,npibsworthgs@cocolog-nifty.com,Female,28.87.47.159
606,Freddy,Tylor,ftylorgt@statcounter.com,Male,58.229.228.145
607,Ty,Peat,tpeatgu@yahoo.co.jp,Male,148.163.202.8
608,Garrick,Mellonby,gmellonbygv@hexun.com,Male,126.52.181.6
609,Sascha,Klosser,sklossergw@redcross.org,Female,8.36.0.144
610,Rafaello,Islip,rislipgx@mozilla.org,Male,64.132.36.221
611,Wayne,Treuge,wtreugegy@howstuffworks.com,Male,3.247.61.126
612,Virginie,Wildbore,vwildboregz@seesaa.net,Female,47.249.172.125
613,Ingemar,Stuckley,istuckleyh0@etsy.com,Male,141.243.215.122
614,Gates,Keogh,gkeoghh1@unesco.org,Female,22.159.154.190
615,Jacinda,Lefebre,jlefebreh2@soundcloud.com,Female,68.153.235.123
616,Andie,Radoux,aradouxh3@statcounter.com,Female,132.222.173.195
617,Joshuah,Dayton,jdaytonh4@rakuten.co.jp,Male,229.106.210.234
618,Thaddus,Pendry,tpendryh5@pagesperso-orange.fr,Male,202.245.148.243
619,Terry,Baughan,tbaughanh6@plala.or.jp,Male,66.198.173.231
620,Salomi,Levensky,slevenskyh7@blinklist.com,Female,39.142.254.254
621,Noby,Cottesford,ncottesfordh8@diigo.com,Male,36.10.145.86
622,Lamond,Kinsley,lkinsleyh9@newsvine.com,Male,128.160.223.16
623,Cullie,Hallwood,challwoodha@wix.com,Male,233.38.137.71
624,Lovell,Kingzet,lkingzethb@tripadvisor.com,Male,249.35.46.24
625,Nadiya,O'Hartnett,nohartnetthc@chronoengine.com,Female,231.124.60.49
626,Ambrosio,Matlock,amatlockhd@who.int,Male,25.53.162.206
627,Valentine,Garroway,vgarrowayhe@wsj.com,Male,246.202.219.173
628,Killie,Ruggiero,kruggierohf@utexas.edu,Male,177.30.255.253
629,Rawley,Cheves,rcheveshg@howstuffworks.com,Male,217.218.13.202
630,Gwyneth,Ragbourn,gragbournhh@lycos.com,Female,67.69.115.94
631,Marylin,Connaughton,mconnaughtonhi@mapquest.com,Female,213.72.111.88
632,Morlee,Petrolli,mpetrollihj@1688.com,Male,208.130.99.113
633,Veronica,Kingsly,vkingslyhk@dailymail.co.uk,Female,19.120.166.43
634,Zsa,Whitmarsh,zwhitmarshhl@abc.net.au,Female,51.102.229.55
635,Koenraad,Phelipeaux,kphelipeauxhm@usa.gov,Male,20.187.33.63
636,Adena,Haxby,ahaxbyhn@simplemachines.org,Female,178.223.89.13
637,Toddie,McPartlin,tmcpartlinho@macromedia.com,Male,15.89.135.178
638,Keir,Gouge,kgougehp@usnews.com,Male,188.182.132.156
639,Amandie,Bainbridge,abainbridgehq@vk.com,Female,16.55.93.170
640,Margeaux,Girardin,mgirardinhr@nifty.com,Female,37.115.240.15
641,Rosemary,Coghlin,rcoghlinhs@fema.gov,Female,102.101.71.6
642,Faustina,Orris,forrisht@wired.com,Female,46.70.160.196
643,Tera,Ladbrook,tladbrookhu@blogspot.com,Female,64.50.17.213
644,Sholom,Buttrick,sbuttrickhv@ocn.ne.jp,Male,225.198.209.40
645,Christiano,Jakucewicz,cjakucewiczhw@ovh.net,Male,11.75.186.222
646,Ermin,Izon,eizonhx@baidu.com,Male,195.103.114.148
647,Greer,Ioselevich,gioselevichhy@youtube.com,Female,99.171.27.82
648,Ashbey,Mitkin,amitkinhz@last.fm,Male,233.14.158.201
649,Anders,Dwelley,adwelleyi0@huffingtonpost.com,Male,226.40.89.252
650,Dorthea,Bellison,dbellisoni1@berkeley.edu,Female,203.250.243.127
651,Camille,Burkert,cburkerti2@yellowbook.com,Female,255.73.250.66
652,Kelli,Luckin,kluckini3@smugmug.com,Female,229.47.89.134
653,Mata,Senten,msenteni4@cbslocal.com,Male,151.94.158.219
654,Josepha,Balsom,jbalsomi5@statcounter.com,Female,126.177.122.23
655,Lance,Joule,ljoulei6@mayoclinic.com,Male,37.106.237.48
656,Sharla,Scorer,sscoreri7@163.com,Female,56.126.139.212
657,Berte,Gillani,bgillanii8@barnesandnoble.com,Female,234.46.74.172
658,Jessa,Jakovijevic,jjakovijevici9@netvibes.com,Female,205.205.219.80
659,Wes,Tewkesberry,wtewkesberryia@dailymotion.com,Male,182.43.164.138
660,Clyve,O'Keaveny,cokeavenyib@google.ca,Male,137.90.149.141
661,Cal,Harring,charringic@tinyurl.com,Female,41.199.188.115
662,Alison,Youthead,ayoutheadid@weibo.com,Female,121.134.103.122
663,Caddric,Pagelsen,cpagelsenie@uol.com.br,Male,134.22.219.14
664,Nataline,Pregal,npregalif@wunderground.com,Female,24.140.235.102
665,Carolin,Haigh,chaighig@engadget.com,Female,32.242.72.0
666,Geordie,Rainard,grainardih@angelfire.com,Male,19.198.52.212
667,Art,Brownsey,abrownseyii@t-online.de,Male,3.111.98.242
668,Woodman,Charlick,wcharlickij@dagondesign.com,Male,77.212.39.122
669,Harri,Giacomelli,hgiacomelliik@ebay.com,Female,107.33.179.217
670,Pierre,Lonergan,plonerganil@ucsd.edu,Male,174.21.104.135
671,Bordie,Kubczak,bkubczakim@guardian.co.uk,Male,152.90.254.23
672,Chick,Doggett,cdoggettin@home.pl,Male,212.44.130.36
673,Kerry,Spavins,kspavinsio@com.com,Female,148.27.154.34
674,Ebeneser,Doodney,edoodneyip@kickstarter.com,Male,19.255.114.222
675,Malory,McKevany,mmckevanyiq@discuz.net,Female,241.177.203.190
676,Eudora,Bisson,ebissonir@washingtonpost.com,Female,248.177.154.106
677,Jasen,Duval,jduvalis@list-manage.com,Male,146.230.190.112
678,Kynthia,Flear,kflearit@liveinternet.ru,Female,25.106.133.47
679,Benson,Kearford,bkearfordiu@nsw.gov.au,Male,233.122.105.39
680,Efrem,Alton,ealtoniv@comcast.net,Male,207.0.167.143
681,Fania,Doncom,fdoncomiw@indiegogo.com,Female,241.19.176.1
682,Humphrey,Cholerton,hcholertonix@booking.com,Male,75.137.141.69
683,Madel,Ludgate,mludgateiy@soundcloud.com,Female,72.184.89.103
684,Shelby,Bolino,sbolinoiz@biglobe.ne.jp,Male,34.23.234.148
685,Janessa,Berndsen,jberndsenj0@paypal.com,Female,211.40.102.26
686,Linzy,Seagood,lseagoodj1@disqus.com,Female,234.52.205.121
687,Clevie,Steel,csteelj2@yellowbook.com,Male,62.38.254.7
688,Misti,Zannini,mzanninij3@si.edu,Female,238.116.232.123
689,Vincenty,Abramino,vabraminoj4@xing.com,Male,10.192.217.54
690,Frazier,Ammer,fammerj5@sbwire.com,Male,100.53.97.52
691,Ethyl,Pinnijar,epinnijarj6@indiatimes.com,Female,183.138.225.207
692,Merci,Bourdel,mbourdelj7@ycombinator.com,Female,42.211.241.201
693,Nickolas,Gaye,ngayej8@alibaba.com,Male,127.219.105.134
694,Calv,Sewill,csewillj9@unicef.org,Male,47.184.11.122
695,Felisha,Simmell,fsimmellja@networksolutions.com,Female,201.7.234.100
696,Randal,Nuss,rnussjb@zimbio.com,Male,230.225.244.27
697,Whitney,Breinlein,wbreinleinjc@yahoo.com,Male,48.168.149.74
698,Netta,Overton,novertonjd@accuweather.com,Female,139.72.109.143
699,Norrie,Lamberton,nlambertonje@prnewswire.com,Female,155.151.25.199
700,Aguste,Nano,ananojf@theguardian.com,Male,18.245.101.100
701,Margalit,Radke,mradkejg@wikia.com,Female,122.152.26.183
702,Ashely,Medeway,amedewayjh@reddit.com,Female,244.61.153.150
703,Koressa,Witling,kwitlingji@csmonitor.com,Female,3.116.67.80
704,Cari,Vaen,cvaenjj@nymag.com,Female,85.148.21.46
705,Wood,Wilce,wwilcejk@npr.org,Male,192.170.12.62
706,Jacky,Todd,jtoddjl@tinyurl.com,Female,172.205.167.4
707,Bendite,Guthrie,bguthriejm@accuweather.com,Female,37.39.78.78
708,Nerte,Roskelley,nroskelleyjn@google.com,Female,24.223.25.195
709,Haslett,Crooke,hcrookejo@reverbnation.com,Male,52.195.85.251
710,Iona,Westrey,iwestreyjp@yahoo.com,Female,102.167.51.67
711,Halsey,Brimm,hbrimmjq@ovh.net,Male,146.34.156.219
712,Gian,Mixhel,gmixheljr@umn.edu,Male,186.198.253.160
713,Yale,Neggrini,yneggrinijs@telegraph.co.uk,Male,247.105.250.222
714,Garrek,Albertson,galbertsonjt@zimbio.com,Male,222.170.54.234
715,Meade,Rothery,mrotheryju@diigo.com,Female,29.219.35.231
716,Nanine,Vergine,nverginejv@edublogs.org,Female,151.39.183.91
717,Blakelee,Randales,brandalesjw@nsw.gov.au,Female,208.109.37.41
718,Woodrow,Stennes,wstennesjx@exblog.jp,Male,164.105.8.150
719,Wildon,Ferraro,wferrarojy@youtu.be,Male,31.236.132.196
720,Kristal,Stockton,kstocktonjz@a8.net,Female,148.182.239.82
721,Adriane,Cattenach,acattenachk0@photobucket.com,Female,137.74.158.54
722,Fenelia,Loveridge,floveridgek1@flickr.com,Female,151.219.145.162
723,Kile,Durram,kdurramk2@macromedia.com,Male,178.206.184.7
724,Peyter,Ubsdale,pubsdalek3@twitter.com,Male,95.196.102.228
725,Sydney,Atwel,satwelk4@imgur.com,Female,230.159.98.41
726,Tressa,Ruggiero,tderuggierok5@un.org,Female,129.169.189.154
727,Pat,German,pgermank6@furl.net,Male,164.8.108.171
728,Rich,Leith,rleithk7@cafepress.com,Male,50.1.246.22
729,Jacquetta,Spedroni,jspedronik8@studiopress.com,Female,122.48.3.110
730,Nelie,Dibden,ndibdenk9@pagesperso-orange.fr,Female,110.188.57.184
731,Wendi,Bewsey,wbewseyka@vinaora.com,Female,182.218.71.91
732,Marcel,Gawkroge,mgawkrogekb@typepad.com,Male,171.132.175.251
733,Jacquelin,Ondra,jondrakc@51.la,Female,136.163.132.85
734,Merrick,Langley,mlangleykd@shinystat.com,Male,131.204.88.10
735,Gherardo,Revett,grevettke@google.com.au,Male,98.86.9.72
736,Akim,Oliva,aolivakf@purevolume.com,Male,112.184.161.78
737,Anet,Gennerich,agennerichkg@mediafire.com,Female,113.147.215.131
738,Goober,Iwanczyk,giwanczykkh@naver.com,Male,250.11.228.195
739,Gaultiero,Lawson,glawsonki@economist.com,Male,145.9.69.224
740,Claretta,Savatier,csavatierkj@networkadvertising.org,Female,133.161.41.108
741,Erasmus,Tolerton,etolertonkk@tmall.com,Male,146.114.2.37
742,Lelah,Mallam,lmallamkl@youku.com,Female,19.103.158.198
743,Fredi,Devall,fdevallkm@themeforest.net,Female,11.163.43.228
744,Fan,Luckwell,fluckwellkn@printfriendly.com,Female,172.222.216.136
745,Renato,Wingeat,rwingeatko@hud.gov,Male,215.106.204.238
746,Ezra,Beckett,ebeckettkp@gmpg.org,Male,223.175.157.144
747,Kenny,Stoffels,kstoffelskq@sohu.com,Male,234.233.33.220
748,Aubree,Beachamp,abeachampkr@tinypic.com,Female,204.132.47.0
749,Winny,Broadfoot,wbroadfootks@indiatimes.com,Female,9.5.155.36
750,Wendel,Forshaw,wforshawkt@usda.gov,Male,222.120.94.122
751,Susan,Bendig,sbendigku@fda.gov,Female,90.167.116.181
752,Barnabas,Huxham,bhuxhamkv@bloomberg.com,Male,216.6.53.37
753,Toinette,Worling,tworlingkw@cyberchimps.com,Female,117.109.167.117
754,Aguistin,Mathes,amatheskx@nih.gov,Male,137.169.116.157
755,Shantee,Guinane,sguinaneky@wikimedia.org,Female,126.144.104.201
756,Edmund,Parbrook,eparbrookkz@ucsd.edu,Male,246.246.116.214
757,Gideon,Blance,gblancel0@ucla.edu,Male,28.24.206.141
758,Michaelina,Thuillier,mthuillierl1@ask.com,Female,172.5.37.57
759,Sarah,Fuke,sfukel2@nba.com,Female,85.237.148.203
760,Carl,Haddington,chaddingtonl3@sohu.com,Male,102.82.76.231
761,Dawn,Lismer,dlismerl4@sphinn.com,Female,14.207.37.151
762,Phillipp,Cooksey,pcookseyl5@foxnews.com,Male,27.182.46.195
763,Eb,Redier,eredierl6@ucla.edu,Male,232.9.236.21
764,Oralie,McMeeking,omcmeekingl7@theatlantic.com,Female,233.159.105.222
765,Case,Hassett,chassettl8@simplemachines.org,Male,220.87.165.189
766,Wallis,Kee,wkeel9@over-blog.com,Female,210.115.21.82
767,Gweneth,Kalkhoven,gkalkhovenla@people.com.cn,Female,219.103.171.197
768,Wyatan,Andreolli,wandreollilb@marketwatch.com,Male,217.209.96.229
769,Celisse,Schruur,cschruurlc@irs.gov,Female,106.42.29.247
770,Crissie,Tuffs,ctuffsld@nationalgeographic.com,Female,125.123.58.252
771,Ashli,Kasher,akasherle@squidoo.com,Female,180.92.221.130
772,Clyde,Headech,cheadechlf@furl.net,Male,49.31.210.82
773,Roosevelt,Ellwand,rellwandlg@accuweather.com,Male,93.252.206.77
774,Melessa,Southcoat,msouthcoatlh@php.net,Female,117.225.235.103
775,Louie,Testro,ltestroli@uol.com.br,Male,88.25.209.182
776,Reginauld,Pantridge,rpantridgelj@t.co,Male,41.62.135.125
777,Krishna,Claesens,kclaesenslk@fotki.com,Male,78.98.54.215
778,Shelagh,D'Souza,sdsouzall@jiathis.com,Female,214.58.48.105
779,Leesa,Seabrook,lseabrooklm@hp.com,Female,116.252.80.209
780,Bary,Pahler,bpahlerln@so-net.ne.jp,Male,181.87.250.58
781,Kathy,Pennoni,kpennonilo@cpanel.net,Female,116.252.141.155
782,Ursala,Rosenfrucht,urosenfruchtlp@stanford.edu,Female,231.84.192.199
783,Harri,Hierro,hhierrolq@craigslist.org,Female,229.172.232.57
784,Quinn,Christaeas,qchristaeaslr@sfgate.com,Female,107.165.17.66
785,Neill,Clemow,nclemowls@symantec.com,Male,140.1.62.145
786,Natale,Gurnee,ngurneelt@trellian.com,Male,168.106.223.185
787,Vannie,Attoc,vattoclu@marketwatch.com,Female,16.230.156.184
788,Jolynn,Haslewood,jhaslewoodlv@e-recht24.de,Female,217.197.60.88
789,Teddy,Biasetti,tbiasettilw@icq.com,Male,194.188.12.124
790,Fionnula,Tewnion,ftewnionlx@unesco.org,Female,97.210.242.85
791,Patsy,Scarratt,pscarrattly@google.cn,Male,27.172.56.120
792,Lucretia,Gandley,lgandleylz@about.com,Female,67.239.149.175
793,Patsy,Pidcock,ppidcockm0@printfriendly.com,Female,174.146.196.173
794,Marcela,Schust,mschustm1@princeton.edu,Female,74.38.102.16
795,Aurelia,Schafer,aschaferm2@soundcloud.com,Female,117.115.58.84
796,Norri,McAlester,nmcalesterm3@sfgate.com,Female,89.56.204.4
797,Regan,Scurlock,rscurlockm4@yandex.ru,Female,225.29.236.40
798,Owen,Abram,oabramm5@sina.com.cn,Male,229.8.1.178
799,Linc,Jessep,ljessepm6@loc.gov,Male,15.242.218.111
800,Lulu,McGeachie,lmcgeachiem7@1und1.de,Female,176.229.88.119
801,Berky,Matthaus,bmatthausm8@slashdot.org,Male,242.88.68.237
802,Edgard,Knowlys,eknowlysm9@clickbank.net,Male,58.245.134.185
803,Myrta,Scurr,mscurrma@hp.com,Female,165.248.71.146
804,Dunn,Ledram,dledrammb@usnews.com,Male,247.186.113.158
805,Emmit,Endacott,eendacottmc@desdev.cn,Male,138.70.26.247
806,Xavier,Danielis,xdanielismd@who.int,Male,40.73.75.237
807,Roshelle,Dillingham,rdillinghamme@bigcartel.com,Female,134.251.126.161
808,Gus,Kettridge,gkettridgemf@cpanel.net,Male,4.32.32.70
809,Frederik,Wemes,fwemesmg@sciencedirect.com,Male,167.80.248.163
810,Araldo,Tunnow,atunnowmh@dion.ne.jp,Male,229.137.78.111
811,Babette,Bartolomeoni,bbartolomeonimi@weebly.com,Female,26.255.0.79
812,Randolf,Dodgshon,rdodgshonmj@istockphoto.com,Male,22.127.162.99
813,Dorian,Hutchens,dhutchensmk@soundcloud.com,Female,76.80.204.14
814,Elsey,Linnell,elinnellml@google.ru,Female,60.102.5.87
815,Anthea,Longbottom,alongbottommm@wikia.com,Female,97.90.57.0
816,Maybelle,Larrosa,mlarrosamn@yolasite.com,Female,70.70.135.155
817,Rabi,Cutajar,rcutajarmo@cmu.edu,Male,224.201.162.127
818,Burr,Caustick,bcaustickmp@biglobe.ne.jp,Male,184.188.156.245
819,Mariquilla,Onn,monnmq@virginia.edu,Female,130.252.248.147
820,Johan,Balling,jballingmr@vimeo.com,Male,32.177.31.207
821,Joleen,Thirsk,jthirskms@cam.ac.uk,Female,89.167.60.254
822,Heloise,Bette,hbettemt@behance.net,Female,239.249.153.198
823,Brigg,Sindall,bsindallmu@nifty.com,Male,1.198.227.205
824,Cecile,Bellie,cbelliemv@npr.org,Female,107.157.14.47
825,Larina,Samart,lsamartmw@pen.io,Female,127.167.143.142
826,Flinn,Loadsman,floadsmanmx@taobao.com,Male,5.131.27.59
827,Adela,McGowan,amcgowanmy@census.gov,Female,82.78.57.133
828,Waylin,Glassopp,wglassoppmz@altervista.org,Male,7.65.38.126
829,Wright,Riddett,wriddettn0@howstuffworks.com,Male,244.107.87.100
830,Isidore,Bazely,ibazelyn1@loc.gov,Male,194.19.68.212
831,Ignace,Carpmile,icarpmilen2@joomla.org,Male,32.200.61.122
832,Bernice,Fulleylove,bfulleyloven3@yelp.com,Female,103.60.247.157
833,Montague,Stannus,mstannusn4@google.co.uk,Male,200.14.48.193
834,Carver,Whittick,cwhittickn5@vistaprint.com,Male,206.139.229.187
835,Gustaf,Alfonso,galfonson6@usgs.gov,Male,35.252.120.36
836,Lorens,Hopkins,lhopkinsn7@technorati.com,Male,222.251.135.217
837,Lilian,Toll,ltolln8@hibu.com,Female,132.188.17.239
838,Erminia,Sikorski,esikorskin9@i2i.jp,Female,104.93.30.25
839,Myer,Sommerled,msommerledna@harvard.edu,Male,77.11.233.230
840,Bart,Merrifield,bmerrifieldnb@google.es,Male,232.16.53.165
841,Nico,Oloman,nolomannc@free.fr,Male,214.67.124.73
842,Mala,Hartzenberg,mhartzenbergnd@bing.com,Female,127.193.99.162
843,Germaine,Tullis,gtullisne@foxnews.com,Female,128.17.157.17
844,Sarah,Jado,sjadonf@sciencedirect.com,Female,233.74.0.182
845,Lisbeth,Haseldine,lhaseldineng@imgur.com,Female,161.240.254.89
846,Nataline,Glendza,nglendzanh@umich.edu,Female,238.166.101.101
847,Orville,Poupard,opoupardni@cargocollective.com,Male,201.226.185.175
848,Lon,Solly,lsollynj@whitehouse.gov,Male,97.236.141.101
849,Gael,Spofford,gspoffordnk@mail.ru,Male,157.82.60.118
850,Ewart,Peffer,epeffernl@barnesandnoble.com,Male,35.61.253.154
851,Gerti,Robker,grobkernm@opensource.org,Female,53.120.175.232
852,Denyse,Folkard,dfolkardnn@dailymail.co.uk,Female,237.149.206.58
853,Elita,Eastcott,eeastcottno@google.com.hk,Female,250.170.218.222
854,Dorey,Mulcahy,dmulcahynp@sohu.com,Female,122.2.36.247
855,Walliw,Petit,wpetitnq@alexa.com,Female,73.166.167.241
856,Hewet,Stannering,hstanneringnr@usda.gov,Male,188.32.27.7
857,Ezri,Robel,erobelns@fastcompany.com,Male,177.187.81.103
858,Thayne,Spata,tspatant@netscape.com,Male,233.87.162.38
859,Paxton,Darby,pdarbynu@biglobe.ne.jp,Male,187.144.130.116
860,Sidoney,Viscovi,sviscovinv@networkadvertising.org,Female,47.183.239.130
861,Monah,Osbaldstone,mosbaldstonenw@businessweek.com,Female,69.241.120.236
862,Laurie,Pichmann,lpichmannnx@nifty.com,Male,66.53.223.63
863,Melanie,Aronstam,maronstamny@theglobeandmail.com,Female,249.254.21.146
864,Fidelity,Woodeson,fwoodesonnz@netvibes.com,Female,235.4.247.81
865,Toiboid,Leech,tleecho0@ucoz.com,Male,252.92.55.65
866,Manuel,Arstall,marstallo1@whitehouse.gov,Male,79.141.137.82
867,Chick,MacMaster,cmacmastero2@stumbleupon.com,Male,188.152.144.230
868,Erick,Grafton,egraftono3@surveymonkey.com,Male,157.189.11.77
869,Richie,Spraging,rspragingo4@samsung.com,Male,86.80.131.67
870,Marje,Fortescue,mfortescueo5@linkedin.com,Female,137.217.74.113
871,Aldridge,Gameson,agamesono6@lycos.com,Male,137.173.81.103
872,Bill,Chaudret,bchaudreto7@paginegialle.it,Female,170.83.135.132
873,Bernardo,McHan,bmchano8@ustream.tv,Male,9.203.33.1
874,Cyndy,Swarbrigg,cswarbriggo9@fastcompany.com,Female,184.68.148.126
875,Alfy,Whiteland,awhitelandoa@fda.gov,Male,50.89.116.150
876,Pris,Losselyong,plosselyongob@oaic.gov.au,Female,0.136.45.208
877,Anthea,Brahams,abrahamsoc@hhs.gov,Female,164.95.90.76
878,Krisha,Rabb,krabbod@theglobeandmail.com,Male,43.99.215.92
879,Marius,Annand,mannandoe@networkadvertising.org,Male,86.210.122.166
880,Tildie,O'Duggan,todugganof@cbslocal.com,Female,26.205.151.62
881,Carin,Nudd,cnuddog@jiathis.com,Female,208.194.240.81
882,Rudie,Mouse,rmouseoh@imageshack.us,Male,196.18.178.14
883,Lindie,Korneev,lkorneevoi@behance.net,Female,142.12.205.164
884,Yvonne,Dreigher,ydreigheroj@twitpic.com,Female,135.150.214.105
885,Chane,Foale,cfoaleok@icq.com,Male,142.74.128.99
886,Tracy,Brundle,tbrundleol@slideshare.net,Male,251.91.75.100
887,Mickie,Cruess,mcruessom@blinklist.com,Male,104.31.121.134
888,Wilhelm,Ferriday,wferridayon@360.cn,Male,82.217.88.133
889,Merwin,Bazell,mbazelloo@elegantthemes.com,Male,38.143.45.116
890,Modestia,Emson,memsonop@soup.io,Female,79.181.164.210
891,Sarine,Fusedale,sfusedaleoq@bbc.co.uk,Female,81.28.205.40
892,Quill,Kelson,qkelsonor@weibo.com,Male,94.44.96.60
893,Barrett,Goom,bgoomos@rakuten.co.jp,Male,14.49.181.230
894,Malina,Drogan,mdroganot@symantec.com,Female,177.213.25.137
895,Nolie,Snowman,nsnowmanou@live.com,Female,65.130.83.120
896,Charmain,Rape,crapeov@github.io,Female,104.36.172.139
897,Hervey,Adamovitch,hadamovitchow@github.io,Male,99.169.165.74
898,Jami,Ferreira,jferreiraox@oracle.com,Female,46.29.104.139
899,Levin,Middlemiss,lmiddlemissoy@google.com.au,Male,217.193.119.133
900,Julian,McElrea,jmcelreaoz@fema.gov,Male,207.157.252.5
901,Cassandre,Oven,covenp0@51.la,Female,6.189.118.138
902,Wolfie,McGaughey,wmcgaugheyp1@icq.com,Male,202.81.131.179
903,Cleveland,Jaycox,cjaycoxp2@soundcloud.com,Male,74.7.205.57
904,Maxim,Loachhead,mloachheadp3@phoca.cz,Male,104.175.255.180
905,Borg,Sneezum,bsneezump4@prweb.com,Male,77.191.28.225
906,Bendite,Costanza,bcostanzap5@ovh.net,Female,21.27.15.251
907,Rose,Dabling,rdablingp6@livejournal.com,Female,119.164.192.191
908,Roldan,Clinning,rclinningp7@ucsd.edu,Male,65.255.234.63
909,Midge,Penrice,mpenricep8@github.com,Female,109.52.19.61
910,Cass,Hanscom,chanscomp9@gmpg.org,Male,172.28.157.125
911,Stafani,Biskup,sbiskuppa@symantec.com,Female,173.213.5.147
912,Glennis,Creebo,gcreebopb@jiathis.com,Female,18.145.156.59
913,Kevin,McGifford,kmcgiffordpc@ebay.com,Male,3.205.155.117
914,Simon,Towey,stoweypd@techcrunch.com,Male,20.131.38.203
915,Dottie,Habron,dhabronpe@businessinsider.com,Female,181.41.197.127
916,Pablo,Fyldes,pfyldespf@topsy.com,Male,217.131.3.197
917,Joete,Jorger,jjorgerpg@unesco.org,Female,164.66.102.160
918,Sidoney,Leek,sdeleekph@booking.com,Female,81.242.232.133
919,Waldon,Normanvill,wnormanvillpi@dailymail.co.uk,Male,134.21.132.51
920,Butch,Yorke,byorkepj@ucoz.ru,Male,118.29.156.2
921,Frederich,Chad,fchadpk@princeton.edu,Male,80.120.235.219
922,Diarmid,Casine,dcasinepl@sourceforge.net,Male,117.231.69.132
923,Con,Holleran,cholleranpm@rediff.com,Male,140.78.94.231
924,Jsandye,Godmer,jgodmerpn@sourceforge.net,Female,212.229.89.54
925,Nannie,MacLice,nmaclicepo@sphinn.com,Female,74.39.254.228
926,Manfred,O'Callaghan,mocallaghanpp@tripod.com,Male,201.186.133.56
927,Donall,Sonier,dsonierpq@cdbaby.com,Male,82.202.70.109
928,Silva,Shard,sshardpr@nytimes.com,Female,70.105.246.161
929,Danit,Obert,dobertps@edublogs.org,Female,20.226.37.220
930,Siffre,Antrack,santrackpt@is.gd,Male,60.60.34.145
931,Loren,Lacknor,llacknorpu@java.com,Male,170.48.161.26
932,Debora,O'Harney,doharneypv@ted.com,Female,75.82.17.209
933,Riley,Bigrigg,rbigriggpw@google.com.au,Male,118.225.23.61
934,Sarajane,Fynn,sfynnpx@google.de,Female,83.60.75.62
935,Estella,Liddon,eliddonpy@about.me,Female,235.151.142.42
936,Jerald,Hanbridge,jhanbridgepz@blogger.com,Male,214.214.76.44
937,Alikee,Chivers,achiversq0@goodreads.com,Female,25.106.144.150
938,Doralyn,Hedin,dhedinq1@dailymail.co.uk,Female,241.25.57.33
939,Hamilton,Henrique,hhenriqueq2@rakuten.co.jp,Male,103.44.175.96
940,Desdemona,Neat,dneatq3@oakley.com,Female,156.94.73.98
941,Aaron,Pluck,apluckq4@amazon.de,Male,174.108.166.233
942,Arline,Noe,anoeq5@altervista.org,Female,178.179.53.52
943,Gypsy,Dallaghan,gdallaghanq6@t-online.de,Female,199.73.167.227
944,Heinrick,McIlwraith,hmcilwraithq7@1688.com,Male,14.3.7.50
945,Maurie,Pimley,mpimleyq8@over-blog.com,Male,195.239.26.172
946,Monah,Austen,maustenq9@cornell.edu,Female,237.143.136.229
947,Gale,Loveguard,gloveguardqa@yelp.com,Male,96.150.179.233
948,Reynard,Craiker,rcraikerqb@forbes.com,Male,29.114.80.142
949,Gui,Gandar,ggandarqc@addthis.com,Female,38.246.168.185
950,Odetta,Boake,oboakeqd@bravesites.com,Female,21.82.125.172
951,Phedra,Churchyard,pchurchyardqe@quantcast.com,Female,119.252.218.66
952,Cesya,Aimer,caimerqf@vistaprint.com,Female,32.55.41.240
953,Brooke,Ludwikiewicz,bludwikiewiczqg@telegraph.co.uk,Male,165.113.181.239
954,Christi,Rawcliff,crawcliffqh@furl.net,Female,226.117.148.130
955,Lauren,Cesaric,lcesaricqi@ovh.net,Male,172.73.24.7
956,Von,Yurocjhin,vyurocjhinqj@so-net.ne.jp,Male,173.103.184.191
957,Bone,Pixton,bpixtonqk@cnbc.com,Male,141.100.212.8
958,Robb,Frankum,rfrankumql@mapquest.com,Male,188.91.154.2
959,Viole,Renac,vrenacqm@comcast.net,Female,52.135.192.50
960,Celie,Jacob,cjacobqn@eventbrite.com,Female,233.126.83.169
961,Erna,O'Keenan,eokeenanqo@imageshack.us,Female,86.224.77.72
962,Charles,Wakeling,cwakelingqp@jalbum.net,Male,67.43.72.55
963,Clywd,Brammer,cbrammerqq@statcounter.com,Male,208.13.99.140
964,Robby,Jozwicki,rjozwickiqr@buzzfeed.com,Male,255.51.239.247
965,Bink,Smorthwaite,bsmorthwaiteqs@thetimes.co.uk,Male,7.149.161.229
966,Mendel,Goldman,mgoldmanqt@elegantthemes.com,Male,165.129.223.145
967,Bobbie,Zanazzi,bzanazziqu@about.me,Male,33.147.55.180
968,Miguela,Kimmitt,mkimmittqv@hatena.ne.jp,Female,105.225.96.14
969,Cinderella,Dishmon,cdishmonqw@xrea.com,Female,25.236.143.154
970,Paige,Arnowitz,parnowitzqx@thetimes.co.uk,Male,4.160.2.38
971,Agnola,Pierre,astpierreqy@bluehost.com,Female,160.89.106.232
972,Wood,Frankland,wfranklandqz@google.com.hk,Male,3.112.101.88
973,Timmie,Summerley,tsummerleyr0@squidoo.com,Female,154.111.230.34
974,Alejandro,Mulbry,amulbryr1@example.com,Male,245.41.92.189
975,Terri-jo,Ambroix,tambroixr2@virginia.edu,Female,93.192.191.148
976,Alan,Fishwick,afishwickr3@npr.org,Male,75.19.27.29
977,Cissy,Roft,croftr4@stumbleupon.com,Female,192.42.46.186
978,Yuri,Reaney,yreaneyr5@baidu.com,Male,0.244.23.155
979,Genovera,Sitlington,gsitlingtonr6@upenn.edu,Female,125.33.125.32
980,Ewart,Berriman,eberrimanr7@sphinn.com,Male,105.250.69.210
981,Aimee,Edgerton,aedgertonr8@ucoz.com,Female,44.143.99.217
982,Ashly,Brounsell,abrounsellr9@so-net.ne.jp,Female,171.114.163.126
983,Gladys,Plumridge,gplumridgera@shop-pro.jp,Female,157.201.225.23
984,Susana,Bayman,sbaymanrb@howstuffworks.com,Female,146.156.130.91
985,Ginnifer,Gallard,ggallardrc@ftc.gov,Female,44.130.12.99
986,Timothee,Hall,thallrd@blogtalkradio.com,Male,165.209.134.15
987,Rosita,Guitonneau,rguitonneaure@nymag.com,Female,223.209.213.148
988,Justine,Dusey,jduseyrf@eepurl.com,Female,138.47.62.19
989,Bryanty,Chark,bcharkrg@nih.gov,Male,164.188.119.148
990,Warde,Milleton,wmilletonrh@theguardian.com,Male,67.95.69.72
991,Nannie,Pirazzi,npirazziri@utexas.edu,Female,116.164.200.194
992,Rosalind,Gladdis,rgladdisrj@nymag.com,Female,17.57.107.107
993,Yvor,Devenish,ydevenishrk@jalbum.net,Male,19.98.178.37
994,Wilhelm,Hold,wholdrl@bravesites.com,Male,2.147.1.178
995,Tallou,Raubenheimer,traubenheimerrm@accuweather.com,Female,76.20.151.73
996,Garrot,Knowlden,gknowldenrn@linkedin.com,Male,108.239.17.255
997,Cathrin,Gregolotti,cgregolottiro@phpbb.com,Female,38.207.250.45
998,Claudine,Peevor,cpeevorrp@independent.co.uk,Female,207.252.235.196
999,Rosalind,Brandsen,rbrandsenrq@usnews.com,Female,81.123.38.64
1000,Burch,Joincey,bjoinceyrr@delicious.com,Male,153.199.238.70
